site,url,category,authority_metric,authority_source,authority_checked_at,relevance,quality_gate,submission_method,account_alias,submission_date,status,listing_url,link_rel,notes,idempotency_key
eCommerce Tech,https://ecommercetech.io/software-listing-submission-form,ecommerce software directory,"710+ tools; trusted by 10,000+ merchants",https://ecommercetech.io/,2026-08-25,very high,passed,manual editorial submission,public-support-account,,skip,,unknown,"Official submission page says new software listings are currently closed. Do not join the newsletter without separate authorization; monitor for reopening.",ecommercetech.io|autopricy|public-support-account|directory-listing
Capterra,https://www.capterra.com/vendors/,B2B software discovery,"millions of in-market software buyers; 25+ years",https://www.capterra.com/vendors/,2026-08-25,high,passed,manual vendor listing,,,candidate,,unknown,"Free profile route appears available; editorial eligibility and category review. Check for an existing profile before submission.",capterra.com|autopricy|account-unassigned|directory-listing
G2,https://www.g2.com/seller_identification/search/new,B2B software marketplace,"200M annual buyers; 200,000+ products and services",https://company.g2.com/about,2026-08-25,high,passed,manual product submission and claim,public-support-account,,candidate,,unknown,"Product search exposed the add-product route, but it redirects to G2 account authorization. Login or account creation is required; ownership claim remains a separate unapproved action.",g2.com|autopricy|public-support-account|directory-listing
SourceForge,https://sourceforge.net/software/vendors/new,B2B software directory,"122,300+ software titles; 20M monthly buyers claimed",https://sourceforge.net/software/vendors/new,2026-08-25,high,passed,manual vendor form,,,candidate,,unknown,"Complimentary basic listing exists, but the form requests personal/company data and marketing communications; requires explicit form authorization and verified master data.",sourceforge.net|autopricy|account-unassigned|directory-listing
Software Advice,https://www.softwareadvice.com/vendors/,B2B software advisory marketplace,"1M+ businesses helped; 2.5M+ verified reviews",https://www.softwareadvice.com/,2026-08-25,medium-high,passed,manual shared vendor flow,,,candidate,,unknown,"Part of G2 Digital Markets; a free listing can be requested but review may take over six weeks. Treat shared Capterra/GetApp onboarding as one operational flow.",softwareadvice.com|autopricy|account-unassigned|directory-listing
GetApp,https://www.getapp.com/listing_guidelines/,B2B software discovery,"governed profiles and verified-review database",https://www.getapp.com/listing_guidelines/,2026-08-25,medium-high,passed,shared G2 Digital Markets vendor flow,,,candidate,,unknown,"Strong governance, but not an independent form campaign: coordinate with Capterra and Software Advice to avoid duplicate onboarding.",getapp.com|autopricy|account-unassigned|directory-listing
SaaSHub,https://www.saashub.com/services/submit,SaaS alternatives directory,"independent marketplace operating since 2014",https://www.saashub.com/services/submit,2026-08-25,medium,passed,manual product submission and domain verification,public-support-account,,candidate,,unknown,"Blocked before form entry by a Cloudflare challenge; continuing also requires acceptance of SaaSHub terms and privacy policy. Use only the SaaSHub listing, never its 100+ directory feature.",saashub.com|autopricy|public-support-account|directory-listing
Product Hunt,https://www.producthunt.com/launch,product launch community,"global early-adopter and maker community",https://www.producthunt.com/launch,2026-08-25,medium,route-excluded,separate manual product-launch workflow,,,candidate,,unknown,"High discovery value but launch plus maker comment is outside SPD directory-form scope. Requires a personal account, launch assets, timing and separate publication authorization.",producthunt.com|autopricy|account-unassigned|product-launch
SellerTrove,https://sellertrove.com/submit,AI ecommerce seller tools,"792 AI tools; pricing and profit category",https://sellertrove.com/,2026-08-25,low,failed,none,,,skip,,unknown,"Audience is Shopify/Amazon/TikTok Shop and directory requires an AI seller tool. Autopricy uses explicit repricing rules and currently targets different marketplaces; do not mislabel it as AI.",sellertrove.com|autopricy|account-unassigned|directory-listing
EcomAI,https://www.useecomai.com/submit,AI and no-code ecommerce tools,"curated review; paid featured option",https://www.useecomai.com/submit,2026-08-25,low,failed,none,,,skip,,unknown,"Autopricy is not positioned as an AI or no-code tool. Paid featured placement is optional but relevance fails before cost is considered.",useecomai.com|autopricy|account-unassigned|directory-listing
